"","protein","expr.cond1","ave.displacement.per.ms",".group"
"1","AlkD",10,2.2115784347254,1
"2","AlkD",50,1.50382293529902,1
"3","AlkF",10,2.44757436488225,2
"4","AlkF",50,2.26499314162326,2
